metric,value
accuracy,0.8729556567189344
loss,0.3649415671825409
num_samples,35586.0
