metric,value
accuracy,0.8775080087674928
loss,0.3568853735923767
num_samples,35586.0
