model,accuracy,loss
Baseline LSTM,0.8775080087674928,0.3568853735923767
Attention LSTM,0.8729556567189344,0.3649415671825409
